Well,Name,Sequence
A1,KG_1,CGCAATTCCACCACAGAAGACTAGGAGGCCCAGCGCTATGTCTTCGCCTTGTCTCGCCAG
A2,KG_2,CTGGCGAGACAAGGCGAAGACATAGCGCTGGGCCTCCTAGTCTTCTGTGGTGGAATTGCG
A3,KG_3,CGCAATTCCACCACAGAAGACTAGGAGGCCCAG
A4,KG_4,CTGGCGAGACAAGGCGAAGACATAGCGCTGGGC
A5,KG_5,CAGCGCTATGTCTTCGCCTTGTCTCGCCAG
A6,KG_6,GGCCTCCTAGTCTTCTGTGGTGGAATTGCG
A7,KG_7,CGCAATTCCACCACAGAAGACTAGGAGGCC
A8,KG_8,CTGGCGAGACAAGGCGAAGACATAGCGCTG
A9,KG_9,CGCTATGTCTTCGCCTTGTCTCGCCAG
A10,KG_10,CTCCTAGTCTTCTGTGGTGGAATTGCG
A11,KG_11,AGATGGCTCTTCTGCCACTGAAGAGCCACGG
A12,KG_12,AGATGGCTCTTCTGCCAGTGAAGAGCCACGG
B1,KG_13,AGATGGCTCTTCTGCCATTGAAGAGCCACGG
B2,KG_14,AGATGGCTCTTCTAAAGCTGAAGAGCCACGG
B3,KG_15,AGATGGCTCTTCTAACAGTGAAGAGCCACGG
B4,KG_16,AGATGGCTCTTCTAGCAGTGAAGAGCCACGG
B5,KG_17,AGATGGCTCTTCTCACAGTGAAGAGCCACGG
B6,KG_18,AGATGGCTCTTCTCATGCTGAAGAGCCACGG
B7,KG_19,AGATGGCTCTTCTCATGGTGAAGAGCCACGG
B8,KG_20,AGATGGCTCTTCTGCAAATGAAGAGCCACGG
B9,KG_21,AGATGGCTCTTCTGCAACTGAAGAGCCACGG
B10,KG_22,AGATGGCTCTTCTGCTACTGAAGAGCCACGG
B11,KG_23,AGATGGCTCTTCTGCTAGTGAAGAGCCACGG
B12,KG_24,AGATGGCTCTTCTTACAGTGAAGAGCCACGG
C1,KG_25,AGATGGCTCTTCTTAGCATGAAGAGCCACGG
C2,KG_26,AGATGGCTCTTCTTAGCCTGAAGAGCCACGG
C3,KG_27,AGATGGCTCTTCTTGCAGTGAAGAGCCACGG
C4,KG_28,AGATGGCTCTTCTTGGCCTGAAGAGCCACGG
C5,KG_29,AGATGGCTCTTCTTGGCTTGAAGAGCCACGG
C6,KG_30,CCGTGGCTCTTCAAGCCAAGAAGAGCCATCT
C7,KG_31,CCGTGGCTCTTCAATGGCAGAAGAGCCATCT
C8,KG_32,CCGTGGCTCTTCACCATGAGAAGAGCCATCT
C9,KG_33,CCGTGGCTCTTCACTAGCAGAAGAGCCATCT
C10,KG_34,CCGTGGCTCTTCACTGCAAGAAGAGCCATCT
C11,KG_35,CCGTGGCTCTTCACTGCTAGAAGAGCCATCT
C12,KG_36,CCGTGGCTCTTCACTGGCAGAAGAGCCATCT
D1,KG_37,CCGTGGCTCTTCACTGTAAGAAGAGCCATCT
D2,KG_38,CCGTGGCTCTTCACTGTGAGAAGAGCCATCT
D3,KG_39,CCGTGGCTCTTCACTGTTAGAAGAGCCATCT
D4,KG_40,CCGTGGCTCTTCAGCATGAGAAGAGCCATCT
D5,KG_41,CCGTGGCTCTTCAGCTTTAGAAGAGCCATCT
D6,KG_42,CCGTGGCTCTTCAGGCCAAGAAGAGCCATCT
D7,KG_43,CCGTGGCTCTTCAGGCTAAGAAGAGCCATCT
D8,KG_44,CCGTGGCTCTTCAGTAGCAGAAGAGCCATCT
D9,KG_45,CCGTGGCTCTTCAGTGGCAGAAGAGCCATCT
D10,KG_46,CCGTGGCTCTTCAGTTGCAGAAGAGCCATCT
D11,KG_47,CCGTGGCTCTTCATGCTAAGAAGAGCCATCT
D12,KG_48,CCGTGGCTCTTCATTTGCAGAAGAGCCATCT
